<measure xmlns:xsi="http://www.w3.org/2001/XMLSchema-instance" xsi:noNamespaceSchemaLocation="http://bcl.nrel.gov/xsd/measures/version/1.0.xsd">
 <schema_version>3.0</schema_version>
 <name>swap_construction_in_construction_set</name>
 <uid>f2dd07a6-51e8-4c66-b814-861f3b0ee678</uid>
 <version_id>c6127221-b090-4bf7-8f2e-9790baac95d9</version_id>
 <version_modified>20180617T234741Z</version_modified>
 <xml_checksum>1FE39238</xml_checksum>
 <class_name>SwapConstructionInConstructionSet</class_name>
 <display_name>Swap Construction In Construction Set</display_name>
 <description>This will swap a construction assigned in any construction set with another defined in your model. This will make the change in all construction sets.</description>
 <modeler_description>This looks for the old construction in each Construction Set object and replaces it with the new construction.  If you don't want all constructions to change, say you are using multiple construction defaults by floor and only want to change the definition on one floor, you will need to copy the selected construction and assign it.</modeler_description>
 <arguments>
  <argument>
   <name>old_construction</name>
   <display_name>Pick a construction to be replaced:</display_name>
   <type>Choice</type>
   <required>true</required>
   <model_dependent>false</model_dependent>
  </argument>
  <argument>
   <name>new_construction</name>
   <display_name>Pick a construction to replace the old construction. This construction must the same type (Surface, Subsurface) as the old construction.</display_name>
   <type>Choice</type>
   <required>true</required>
   <model_dependent>false</model_dependent>
  </argument>
 </arguments>
 <tags>
  <tag>Envelope.Construction Sets</tag>
 </tags>
 <attributes>
  <attribute>
   <name>Uses SketchUp API</name>
   <value>false</value>
   <datatype>boolean</datatype>
  </attribute>
  <attribute>
   <name>Measure Type</name>
   <value>ModelMeasure</value>
   <datatype>string</datatype>
  </attribute>
  <attribute>
   <name>Intended Software Tool</name>
   <value>Apply Measure Now</value>
   <datatype>string</datatype>
  </attribute>
  <attribute>
   <name>Intended Software Tool</name>
   <value>OpenStudio Application</value>
   <datatype>string</datatype>
  </attribute>
  <attribute>
   <name>Intended Software Tool</name>
   <value>Parametric Analysis Tool</value>
   <datatype>string</datatype>
  </attribute>
  <attribute>
   <name>Intended Use Case</name>
   <value>Model Articulation</value>
   <datatype>string</datatype>
  </attribute>
 </attributes>
 <files>
  <file>
   <version>
    <software_program>OpenStudio</software_program>
    <identifier>1.3.1</identifier>
    <min_compatible>1.8.0</min_compatible>
   </version>
   <filename>measure.rb</filename>
   <filetype>rb</filetype>
   <usage_type>script</usage_type>
   <checksum>F08FAC75</checksum>
  </file>
  <file>
   <filename>SwapConstructionInConstructionSet_Test.rb</filename>
   <filetype>rb</filetype>
   <usage_type>test</usage_type>
   <checksum>E64043FC</checksum>
  </file>
  <file>
   <filename>office.osm</filename>
   <filetype>osm</filetype>
   <usage_type>test</usage_type>
   <checksum>ED1FC30F</checksum>
  </file>
 </files>
</measure>
